Systolic Blood Pressure (mmHg),Diastolic Blood Pressure (mmHg),Heart Rate
FALSE,FALSE,FALSE
FALSE,FALSE,FALSE
FALSE,FALSE,FALSE
FALSE,FALSE,FALSE
FALSE,FALSE,FALSE
FALSE,FALSE,FALSE
FALSE,FALSE,FALSE
FALSE,FALSE,FALSE
FALSE,FALSE,FALSE
FALSE,FALSE,FALSE
FALSE,FALSE,FALSE
FALSE,FALSE,FALSE
FALSE,FALSE,FALSE
FALSE,FALSE,FALSE
FALSE,FALSE,FALSE
FALSE,FALSE,FALSE
FALSE,FALSE,FALSE
FALSE,FALSE,FALSE
FALSE,FALSE,FALSE
FALSE,FALSE,FALSE
FALSE,FALSE,FALSE
FALSE,FALSE,FALSE
FALSE,FALSE,FALSE
FALSE,FALSE,FALSE
FALSE,FALSE,FALSE
FALSE,FALSE,FALSE
FALSE,FALSE,FALSE
FALSE,FALSE,FALSE
FALSE,FALSE,FALSE
FALSE,FALSE,FALSE
FALSE,FALSE,FALSE
FALSE,FALSE,FALSE
FALSE,FALSE,FALSE
FALSE,FALSE,FALSE
FALSE,FALSE,FALSE
FALSE,FALSE,FALSE
FALSE,FALSE,FALSE
FALSE,FALSE,FALSE
FALSE,FALSE,FALSE
FALSE,FALSE,FALSE
FALSE,FALSE,FALSE
FALSE,FALSE,FALSE
FALSE,FALSE,FALSE
FALSE,FALSE,FALSE
FALSE,FALSE,FALSE
FALSE,FALSE,FALSE
FALSE,FALSE,FALSE
FALSE,FALSE,FALSE
FALSE,FALSE,FALSE
FALSE,FALSE,FALSE
FALSE,FALSE,FALSE
FALSE,FALSE,FALSE
FALSE,FALSE,FALSE
FALSE,FALSE,FALSE
FALSE,FALSE,FALSE
FALSE,FALSE,FALSE
FALSE,FALSE,FALSE
FALSE,FALSE,FALSE
FALSE,FALSE,FALSE
FALSE,FALSE,FALSE
FALSE,FALSE,FALSE
FALSE,FALSE,FALSE
FALSE,FALSE,FALSE
FALSE,FALSE,FALSE
FALSE,FALSE,FALSE
FALSE,FALSE,FALSE
FALSE,FALSE,FALSE
FALSE,FALSE,FALSE
FALSE,FALSE,FALSE
FALSE,FALSE,FALSE
FALSE,FALSE,FALSE
FALSE,FALSE,FALSE
FALSE,FALSE,FALSE
FALSE,FALSE,FALSE
FALSE,FALSE,FALSE
FALSE,FALSE,FALSE
FALSE,FALSE,FALSE
FALSE,FALSE,FALSE
FALSE,FALSE,FALSE
FALSE,FALSE,FALSE
FALSE,FALSE,FALSE
FALSE,FALSE,FALSE
FALSE,FALSE,FALSE
FALSE,FALSE,FALSE
FALSE,FALSE,FALSE
FALSE,FALSE,FALSE
FALSE,FALSE,FALSE
FALSE,FALSE,FALSE
FALSE,FALSE,FALSE
FALSE,FALSE,FALSE
FALSE,FALSE,FALSE
FALSE,FALSE,FALSE
FALSE,FALSE,FALSE
FALSE,FALSE,FALSE
FALSE,FALSE,FALSE
FALSE,FALSE,FALSE
FALSE,FALSE,FALSE
FALSE,FALSE,FALSE
FALSE,FALSE,FALSE
FALSE,FALSE,FALSE
FALSE,FALSE,FALSE
FALSE,FALSE,FALSE
FALSE,FALSE,FALSE
FALSE,FALSE,FALSE
FALSE,FALSE,FALSE
FALSE,FALSE,FALSE
FALSE,FALSE,FALSE
FALSE,FALSE,FALSE
FALSE,FALSE,FALSE
FALSE,FALSE,FALSE
FALSE,FALSE,FALSE
FALSE,FALSE,FALSE
FALSE,FALSE,FALSE
FALSE,FALSE,FALSE
FALSE,FALSE,FALSE
FALSE,FALSE,FALSE
FALSE,FALSE,FALSE
FALSE,FALSE,FALSE
FALSE,FALSE,FALSE
FALSE,FALSE,FALSE
FALSE,FALSE,FALSE
FALSE,FALSE,FALSE
FALSE,FALSE,FALSE
FALSE,FALSE,FALSE
FALSE,FALSE,FALSE
FALSE,FALSE,FALSE
FALSE,FALSE,FALSE
FALSE,FALSE,FALSE
FALSE,FALSE,FALSE
FALSE,FALSE,FALSE
FALSE,FALSE,FALSE
FALSE,FALSE,FALSE
FALSE,FALSE,FALSE
FALSE,FALSE,FALSE
FALSE,FALSE,FALSE
FALSE,FALSE,FALSE
FALSE,FALSE,FALSE
FALSE,FALSE,FALSE
FALSE,FALSE,FALSE
FALSE,FALSE,FALSE
FALSE,FALSE,FALSE
FALSE,FALSE,FALSE
FALSE,FALSE,FALSE
FALSE,FALSE,FALSE
FALSE,FALSE,FALSE
FALSE,FALSE,FALSE
FALSE,FALSE,FALSE
FALSE,FALSE,FALSE
FALSE,FALSE,FALSE
FALSE,FALSE,FALSE
FALSE,FALSE,FALSE
FALSE,FALSE,FALSE
FALSE,FALSE,FALSE
FALSE,FALSE,FALSE
FALSE,FALSE,FALSE
FALSE,FALSE,FALSE
FALSE,FALSE,FALSE
FALSE,FALSE,FALSE
FALSE,FALSE,FALSE
FALSE,FALSE,FALSE
FALSE,FALSE,FALSE
FALSE,FALSE,FALSE
FALSE,FALSE,FALSE
FALSE,FALSE,FALSE
FALSE,FALSE,FALSE
FALSE,FALSE,FALSE
FALSE,FALSE,FALSE
FALSE,FALSE,FALSE
FALSE,FALSE,FALSE
FALSE,FALSE,FALSE
FALSE,FALSE,FALSE
FALSE,FALSE,FALSE
FALSE,FALSE,FALSE
FALSE,FALSE,FALSE
FALSE,FALSE,FALSE
FALSE,FALSE,FALSE
FALSE,FALSE,FALSE
FALSE,FALSE,FALSE
FALSE,FALSE,FALSE
FALSE,FALSE,FALSE
FALSE,FALSE,FALSE
FALSE,FALSE,FALSE
FALSE,FALSE,FALSE
FALSE,FALSE,FALSE
FALSE,FALSE,FALSE
FALSE,FALSE,FALSE
FALSE,FALSE,FALSE
FALSE,FALSE,FALSE
FALSE,FALSE,FALSE
FALSE,FALSE,FALSE
FALSE,FALSE,FALSE
FALSE,FALSE,FALSE
FALSE,FALSE,FALSE
FALSE,FALSE,FALSE
FALSE,FALSE,FALSE
FALSE,FALSE,FALSE
FALSE,FALSE,FALSE
FALSE,FALSE,FALSE
FALSE,FALSE,FALSE
FALSE,FALSE,FALSE
FALSE,FALSE,FALSE
FALSE,FALSE,FALSE
FALSE,FALSE,FALSE
FALSE,FALSE,FALSE
FALSE,FALSE,FALSE
FALSE,FALSE,FALSE
FALSE,FALSE,FALSE
FALSE,FALSE,FALSE
FALSE,FALSE,FALSE
FALSE,FALSE,FALSE
FALSE,FALSE,FALSE
FALSE,FALSE,FALSE
FALSE,FALSE,FALSE
FALSE,FALSE,FALSE
FALSE,FALSE,FALSE
FALSE,FALSE,FALSE
FALSE,FALSE,FALSE
FALSE,FALSE,FALSE
FALSE,FALSE,FALSE
FALSE,FALSE,FALSE
FALSE,FALSE,FALSE
FALSE,FALSE,FALSE
FALSE,FALSE,FALSE
FALSE,FALSE,FALSE
FALSE,FALSE,FALSE
FALSE,FALSE,FALSE
FALSE,FALSE,FALSE
FALSE,FALSE,FALSE
FALSE,FALSE,FALSE
FALSE,FALSE,FALSE
FALSE,FALSE,FALSE
FALSE,FALSE,FALSE
FALSE,FALSE,FALSE
FALSE,FALSE,FALSE
FALSE,FALSE,FALSE
FALSE,FALSE,FALSE
FALSE,FALSE,FALSE
FALSE,FALSE,FALSE
FALSE,FALSE,FALSE
FALSE,FALSE,FALSE
FALSE,FALSE,FALSE
FALSE,FALSE,FALSE
FALSE,FALSE,FALSE
FALSE,FALSE,FALSE
FALSE,FALSE,FALSE
FALSE,FALSE,FALSE
FALSE,FALSE,FALSE
FALSE,FALSE,FALSE
FALSE,FALSE,FALSE
FALSE,FALSE,FALSE
FALSE,FALSE,FALSE
FALSE,FALSE,FALSE
FALSE,FALSE,FALSE
FALSE,FALSE,FALSE
FALSE,FALSE,FALSE
FALSE,FALSE,FALSE
FALSE,FALSE,FALSE
FALSE,FALSE,FALSE
FALSE,FALSE,FALSE
FALSE,FALSE,FALSE
FALSE,FALSE,FALSE
FALSE,FALSE,FALSE
FALSE,FALSE,FALSE
FALSE,FALSE,FALSE
FALSE,FALSE,FALSE
FALSE,FALSE,FALSE
FALSE,FALSE,FALSE
FALSE,FALSE,FALSE
FALSE,FALSE,FALSE
FALSE,FALSE,FALSE
FALSE,FALSE,FALSE
FALSE,FALSE,FALSE
FALSE,FALSE,FALSE
FALSE,FALSE,FALSE
FALSE,FALSE,FALSE
FALSE,FALSE,FALSE
FALSE,FALSE,FALSE
FALSE,FALSE,FALSE
FALSE,FALSE,FALSE
FALSE,FALSE,FALSE
FALSE,FALSE,FALSE
FALSE,FALSE,FALSE
FALSE,FALSE,FALSE
FALSE,FALSE,FALSE
FALSE,FALSE,FALSE
FALSE,FALSE,FALSE
FALSE,FALSE,FALSE
FALSE,FALSE,FALSE
FALSE,FALSE,FALSE
FALSE,FALSE,FALSE
FALSE,FALSE,FALSE
FALSE,FALSE,FALSE
FALSE,FALSE,FALSE
FALSE,FALSE,FALSE
FALSE,FALSE,FALSE
FALSE,FALSE,FALSE
FALSE,FALSE,FALSE
FALSE,FALSE,FALSE
FALSE,FALSE,FALSE
FALSE,FALSE,FALSE
FALSE,FALSE,FALSE
FALSE,FALSE,FALSE
FALSE,FALSE,FALSE
FALSE,FALSE,FALSE
FALSE,FALSE,FALSE
FALSE,FALSE,FALSE
FALSE,FALSE,FALSE
FALSE,FALSE,FALSE
FALSE,FALSE,FALSE
FALSE,FALSE,FALSE
FALSE,FALSE,FALSE
FALSE,FALSE,FALSE
FALSE,FALSE,FALSE
FALSE,FALSE,FALSE
FALSE,FALSE,FALSE
FALSE,FALSE,FALSE
FALSE,FALSE,FALSE
FALSE,FALSE,FALSE
FALSE,FALSE,FALSE
FALSE,FALSE,FALSE
FALSE,FALSE,FALSE
FALSE,FALSE,FALSE
FALSE,FALSE,FALSE
FALSE,FALSE,FALSE
FALSE,FALSE,FALSE
FALSE,FALSE,FALSE
FALSE,FALSE,FALSE
FALSE,FALSE,FALSE
FALSE,FALSE,FALSE
FALSE,FALSE,FALSE
FALSE,FALSE,FALSE
FALSE,FALSE,FALSE
FALSE,FALSE,FALSE
FALSE,FALSE,FALSE
FALSE,FALSE,FALSE
FALSE,FALSE,FALSE
FALSE,FALSE,FALSE
FALSE,FALSE,FALSE
FALSE,FALSE,FALSE
FALSE,FALSE,FALSE
FALSE,FALSE,FALSE
FALSE,FALSE,FALSE
FALSE,FALSE,FALSE
FALSE,FALSE,FALSE
FALSE,FALSE,FALSE
FALSE,FALSE,FALSE
FALSE,FALSE,FALSE
FALSE,FALSE,FALSE
FALSE,FALSE,FALSE
FALSE,FALSE,FALSE
FALSE,FALSE,FALSE
FALSE,FALSE,FALSE
FALSE,FALSE,FALSE
FALSE,FALSE,FALSE
FALSE,FALSE,FALSE
FALSE,FALSE,FALSE
FALSE,FALSE,FALSE
FALSE,FALSE,FALSE
FALSE,FALSE,FALSE
FALSE,FALSE,FALSE
FALSE,FALSE,FALSE
FALSE,FALSE,FALSE
FALSE,FALSE,FALSE
FALSE,FALSE,FALSE
FALSE,FALSE,FALSE
FALSE,FALSE,FALSE
FALSE,FALSE,FALSE
FALSE,FALSE,FALSE
FALSE,FALSE,FALSE
FALSE,FALSE,FALSE
FALSE,FALSE,FALSE
FALSE,FALSE,FALSE
FALSE,FALSE,FALSE
FALSE,FALSE,FALSE
FALSE,FALSE,FALSE
FALSE,FALSE,FALSE
FALSE,FALSE,FALSE
FALSE,FALSE,FALSE
FALSE,FALSE,FALSE
FALSE,FALSE,FALSE
FALSE,FALSE,FALSE
FALSE,FALSE,FALSE
FALSE,FALSE,FALSE
FALSE,FALSE,FALSE
FALSE,FALSE,FALSE
FALSE,FALSE,FALSE
FALSE,FALSE,FALSE
FALSE,FALSE,FALSE
FALSE,FALSE,FALSE
FALSE,FALSE,FALSE
FALSE,FALSE,FALSE
FALSE,FALSE,FALSE
FALSE,FALSE,FALSE
FALSE,FALSE,FALSE
FALSE,FALSE,FALSE
FALSE,FALSE,FALSE
FALSE,FALSE,FALSE
FALSE,FALSE,FALSE
FALSE,FALSE,FALSE
FALSE,FALSE,FALSE
FALSE,FALSE,FALSE
FALSE,FALSE,FALSE
FALSE,FALSE,FALSE
FALSE,FALSE,FALSE
FALSE,FALSE,FALSE
FALSE,FALSE,FALSE
FALSE,FALSE,FALSE
FALSE,FALSE,FALSE
FALSE,FALSE,FALSE
FALSE,FALSE,FALSE
FALSE,FALSE,FALSE
FALSE,FALSE,FALSE
FALSE,FALSE,FALSE
FALSE,FALSE,FALSE
FALSE,FALSE,FALSE
FALSE,FALSE,FALSE
FALSE,FALSE,FALSE
FALSE,FALSE,FALSE
FALSE,FALSE,FALSE
FALSE,FALSE,FALSE
FALSE,FALSE,FALSE
FALSE,FALSE,FALSE
FALSE,FALSE,FALSE
FALSE,FALSE,FALSE
FALSE,FALSE,FALSE
FALSE,FALSE,FALSE
FALSE,FALSE,FALSE
FALSE,FALSE,FALSE
FALSE,FALSE,FALSE
FALSE,FALSE,FALSE
FALSE,FALSE,FALSE
FALSE,FALSE,FALSE
FALSE,FALSE,FALSE
FALSE,FALSE,FALSE
FALSE,FALSE,FALSE
FALSE,FALSE,FALSE
FALSE,FALSE,FALSE
FALSE,FALSE,FALSE
FALSE,FALSE,FALSE
FALSE,FALSE,FALSE
FALSE,FALSE,FALSE
FALSE,FALSE,FALSE
FALSE,FALSE,FALSE
FALSE,FALSE,FALSE
FALSE,FALSE,FALSE
FALSE,FALSE,FALSE
FALSE,FALSE,FALSE
FALSE,FALSE,FALSE
FALSE,FALSE,FALSE
FALSE,FALSE,FALSE
FALSE,FALSE,FALSE
FALSE,FALSE,FALSE
FALSE,FALSE,FALSE
FALSE,FALSE,FALSE
FALSE,FALSE,FALSE
FALSE,FALSE,FALSE
FALSE,FALSE,FALSE
FALSE,FALSE,FALSE
FALSE,FALSE,FALSE
FALSE,FALSE,FALSE
FALSE,FALSE,FALSE
FALSE,FALSE,FALSE
FALSE,FALSE,FALSE
FALSE,FALSE,FALSE
FALSE,FALSE,FALSE
FALSE,FALSE,FALSE
FALSE,FALSE,FALSE
FALSE,FALSE,FALSE
FALSE,FALSE,FALSE
FALSE,FALSE,FALSE
FALSE,FALSE,FALSE
FALSE,FALSE,FALSE
FALSE,FALSE,FALSE
FALSE,FALSE,FALSE
FALSE,FALSE,FALSE
FALSE,FALSE,FALSE
FALSE,FALSE,FALSE
FALSE,FALSE,FALSE
FALSE,FALSE,FALSE
FALSE,FALSE,FALSE
FALSE,FALSE,FALSE
FALSE,FALSE,FALSE
FALSE,FALSE,FALSE
FALSE,FALSE,FALSE
FALSE,FALSE,FALSE
FALSE,FALSE,FALSE
FALSE,FALSE,FALSE
FALSE,FALSE,FALSE
FALSE,FALSE,FALSE
FALSE,FALSE,FALSE
FALSE,FALSE,FALSE
FALSE,FALSE,FALSE
FALSE,FALSE,FALSE
FALSE,FALSE,FALSE
FALSE,FALSE,FALSE
FALSE,FALSE,FALSE
FALSE,FALSE,FALSE
FALSE,FALSE,FALSE
FALSE,FALSE,FALSE
FALSE,FALSE,FALSE
FALSE,FALSE,FALSE
FALSE,FALSE,FALSE
FALSE,FALSE,FALSE
FALSE,FALSE,FALSE
FALSE,FALSE,FALSE
FALSE,FALSE,FALSE
FALSE,FALSE,FALSE
FALSE,FALSE,FALSE
FALSE,FALSE,FALSE
FALSE,FALSE,FALSE
FALSE,FALSE,FALSE
FALSE,FALSE,FALSE
FALSE,FALSE,FALSE
FALSE,FALSE,FALSE
FALSE,FALSE,FALSE
FALSE,FALSE,FALSE
FALSE,FALSE,FALSE
FALSE,FALSE,FALSE
FALSE,FALSE,FALSE
FALSE,FALSE,FALSE
FALSE,FALSE,FALSE
FALSE,FALSE,FALSE
FALSE,FALSE,FALSE
FALSE,FALSE,FALSE
FALSE,FALSE,FALSE
FALSE,FALSE,FALSE
FALSE,FALSE,FALSE
FALSE,FALSE,FALSE
FALSE,FALSE,FALSE
FALSE,FALSE,FALSE
FALSE,FALSE,FALSE
FALSE,FALSE,FALSE
FALSE,FALSE,FALSE
FALSE,FALSE,FALSE
FALSE,FALSE,FALSE
FALSE,FALSE,FALSE
FALSE,FALSE,FALSE
FALSE,FALSE,FALSE
FALSE,FALSE,FALSE
FALSE,FALSE,FALSE
FALSE,FALSE,FALSE
FALSE,FALSE,FALSE
FALSE,FALSE,FALSE
FALSE,FALSE,FALSE
FALSE,FALSE,FALSE
FALSE,FALSE,FALSE
FALSE,FALSE,FALSE
FALSE,FALSE,FALSE
FALSE,FALSE,FALSE
FALSE,FALSE,FALSE
FALSE,FALSE,FALSE
FALSE,FALSE,FALSE
FALSE,FALSE,FALSE
FALSE,FALSE,FALSE
FALSE,FALSE,FALSE
FALSE,FALSE,FALSE
FALSE,FALSE,FALSE
FALSE,FALSE,FALSE
FALSE,FALSE,FALSE
FALSE,FALSE,FALSE
FALSE,FALSE,FALSE
FALSE,FALSE,FALSE
FALSE,FALSE,FALSE
FALSE,FALSE,FALSE
FALSE,FALSE,FALSE
FALSE,FALSE,FALSE
FALSE,FALSE,FALSE
FALSE,FALSE,FALSE
FALSE,FALSE,FALSE
FALSE,FALSE,FALSE
FALSE,FALSE,FALSE
FALSE,FALSE,FALSE
FALSE,FALSE,FALSE
FALSE,FALSE,FALSE
FALSE,FALSE,FALSE
FALSE,FALSE,FALSE
FALSE,FALSE,FALSE
FALSE,FALSE,FALSE
FALSE,FALSE,FALSE
FALSE,FALSE,FALSE
FALSE,FALSE,FALSE
FALSE,FALSE,FALSE
FALSE,FALSE,FALSE
FALSE,FALSE,FALSE
FALSE,FALSE,FALSE
FALSE,FALSE,FALSE
FALSE,FALSE,FALSE
FALSE,FALSE,FALSE
FALSE,FALSE,FALSE
FALSE,FALSE,FALSE
FALSE,FALSE,FALSE
FALSE,FALSE,FALSE
FALSE,FALSE,FALSE
FALSE,FALSE,FALSE
FALSE,FALSE,FALSE
FALSE,FALSE,FALSE
FALSE,FALSE,FALSE
FALSE,FALSE,FALSE
FALSE,FALSE,FALSE
FALSE,FALSE,FALSE
FALSE,FALSE,FALSE
FALSE,FALSE,FALSE
FALSE,FALSE,FALSE
FALSE,FALSE,FALSE
FALSE,FALSE,FALSE
FALSE,FALSE,FALSE
FALSE,FALSE,FALSE
FALSE,FALSE,FALSE
FALSE,FALSE,FALSE
FALSE,FALSE,FALSE
FALSE,FALSE,FALSE
FALSE,FALSE,FALSE
FALSE,FALSE,FALSE
FALSE,FALSE,FALSE
FALSE,FALSE,FALSE
FALSE,FALSE,FALSE
FALSE,FALSE,FALSE
FALSE,FALSE,FALSE
FALSE,FALSE,FALSE
FALSE,FALSE,FALSE
FALSE,FALSE,FALSE
FALSE,FALSE,FALSE
FALSE,FALSE,FALSE
FALSE,FALSE,FALSE
FALSE,FALSE,FALSE
FALSE,FALSE,FALSE
FALSE,FALSE,FALSE
FALSE,FALSE,FALSE
FALSE,FALSE,FALSE
FALSE,FALSE,FALSE
FALSE,FALSE,FALSE
FALSE,FALSE,FALSE
FALSE,FALSE,FALSE
FALSE,FALSE,FALSE
FALSE,FALSE,FALSE
FALSE,FALSE,FALSE
FALSE,FALSE,FALSE
FALSE,FALSE,FALSE
FALSE,FALSE,FALSE
FALSE,FALSE,FALSE
FALSE,FALSE,FALSE
FALSE,FALSE,FALSE
FALSE,FALSE,FALSE
FALSE,FALSE,FALSE
FALSE,FALSE,FALSE
FALSE,FALSE,FALSE
FALSE,FALSE,FALSE
FALSE,FALSE,FALSE
FALSE,FALSE,FALSE
FALSE,FALSE,FALSE
FALSE,FALSE,FALSE
FALSE,FALSE,FALSE
FALSE,FALSE,FALSE
FALSE,FALSE,FALSE
FALSE,FALSE,FALSE
FALSE,FALSE,FALSE
FALSE,FALSE,FALSE
FALSE,FALSE,FALSE
FALSE,FALSE,FALSE
FALSE,FALSE,FALSE
FALSE,FALSE,FALSE
FALSE,FALSE,FALSE
FALSE,FALSE,FALSE
FALSE,FALSE,FALSE
FALSE,FALSE,FALSE
FALSE,FALSE,FALSE
FALSE,FALSE,FALSE
FALSE,FALSE,FALSE
FALSE,FALSE,FALSE
FALSE,FALSE,FALSE
FALSE,FALSE,FALSE
FALSE,FALSE,FALSE
FALSE,FALSE,FALSE
FALSE,FALSE,FALSE
FALSE,FALSE,FALSE
FALSE,FALSE,FALSE
FALSE,FALSE,FALSE
FALSE,FALSE,FALSE
FALSE,FALSE,FALSE
FALSE,FALSE,FALSE
FALSE,FALSE,FALSE
FALSE,FALSE,FALSE
FALSE,FALSE,FALSE
FALSE,FALSE,FALSE
FALSE,FALSE,FALSE
FALSE,FALSE,FALSE
FALSE,FALSE,FALSE
FALSE,FALSE,FALSE
FALSE,FALSE,FALSE
FALSE,FALSE,FALSE
FALSE,FALSE,FALSE
FALSE,FALSE,FALSE
FALSE,FALSE,FALSE
FALSE,FALSE,FALSE
FALSE,FALSE,FALSE
FALSE,FALSE,FALSE
FALSE,FALSE,FALSE
FALSE,FALSE,FALSE
FALSE,FALSE,FALSE
FALSE,FALSE,FALSE
FALSE,FALSE,FALSE
FALSE,FALSE,FALSE
FALSE,FALSE,FALSE
FALSE,FALSE,FALSE
FALSE,FALSE,FALSE
FALSE,FALSE,FALSE
FALSE,FALSE,FALSE
FALSE,FALSE,FALSE
FALSE,FALSE,FALSE
FALSE,FALSE,FALSE
FALSE,FALSE,FALSE
FALSE,FALSE,FALSE
FALSE,FALSE,FALSE
FALSE,FALSE,FALSE
FALSE,FALSE,FALSE
FALSE,FALSE,FALSE
FALSE,FALSE,FALSE
FALSE,FALSE,FALSE
FALSE,FALSE,FALSE
FALSE,FALSE,FALSE
FALSE,FALSE,FALSE
FALSE,FALSE,FALSE
FALSE,FALSE,FALSE
FALSE,FALSE,FALSE
FALSE,FALSE,FALSE
FALSE,FALSE,FALSE
FALSE,FALSE,FALSE
FALSE,FALSE,FALSE
FALSE,FALSE,FALSE
FALSE,FALSE,FALSE
FALSE,FALSE,FALSE
FALSE,FALSE,FALSE
FALSE,FALSE,FALSE
FALSE,FALSE,FALSE
FALSE,FALSE,FALSE
FALSE,FALSE,FALSE
FALSE,FALSE,FALSE
FALSE,FALSE,FALSE
FALSE,FALSE,FALSE
FALSE,FALSE,FALSE
FALSE,FALSE,FALSE
FALSE,FALSE,FALSE
FALSE,FALSE,FALSE
FALSE,FALSE,FALSE
FALSE,FALSE,FALSE
FALSE,FALSE,FALSE
FALSE,FALSE,FALSE
FALSE,FALSE,FALSE
FALSE,FALSE,FALSE
FALSE,FALSE,FALSE
FALSE,FALSE,FALSE
FALSE,FALSE,FALSE
FALSE,FALSE,FALSE
FALSE,FALSE,FALSE
FALSE,FALSE,FALSE
FALSE,FALSE,FALSE
FALSE,FALSE,FALSE
FALSE,FALSE,FALSE
FALSE,FALSE,FALSE
FALSE,FALSE,FALSE
FALSE,FALSE,FALSE
FALSE,FALSE,FALSE
FALSE,FALSE,FALSE
FALSE,FALSE,FALSE
FALSE,FALSE,FALSE
FALSE,FALSE,FALSE
FALSE,FALSE,FALSE
FALSE,FALSE,FALSE
FALSE,FALSE,FALSE
FALSE,FALSE,FALSE
FALSE,FALSE,FALSE
FALSE,FALSE,FALSE
FALSE,FALSE,FALSE
FALSE,FALSE,FALSE
FALSE,FALSE,FALSE
FALSE,FALSE,FALSE
FALSE,FALSE,FALSE
FALSE,FALSE,FALSE
FALSE,FALSE,FALSE
FALSE,FALSE,FALSE
FALSE,FALSE,FALSE
FALSE,FALSE,FALSE
FALSE,FALSE,FALSE
FALSE,FALSE,FALSE
FALSE,FALSE,FALSE
FALSE,FALSE,FALSE
FALSE,FALSE,FALSE
FALSE,FALSE,FALSE
FALSE,FALSE,FALSE
FALSE,FALSE,FALSE
FALSE,FALSE,FALSE
FALSE,FALSE,FALSE
FALSE,FALSE,FALSE
FALSE,FALSE,FALSE
FALSE,FALSE,FALSE
FALSE,FALSE,FALSE
FALSE,FALSE,FALSE
FALSE,FALSE,FALSE
FALSE,FALSE,FALSE
FALSE,FALSE,FALSE
FALSE,FALSE,FALSE
FALSE,FALSE,FALSE
FALSE,FALSE,FALSE
FALSE,FALSE,FALSE
FALSE,FALSE,FALSE
FALSE,FALSE,FALSE
FALSE,FALSE,FALSE
FALSE,FALSE,FALSE
FALSE,FALSE,FALSE
FALSE,FALSE,FALSE
FALSE,FALSE,FALSE
FALSE,FALSE,FALSE
FALSE,FALSE,FALSE
FALSE,FALSE,FALSE
FALSE,FALSE,FALSE
FALSE,FALSE,FALSE
FALSE,FALSE,FALSE
FALSE,FALSE,FALSE
FALSE,FALSE,FALSE
FALSE,FALSE,FALSE
FALSE,FALSE,FALSE
FALSE,FALSE,FALSE
FALSE,FALSE,FALSE
FALSE,FALSE,FALSE
FALSE,FALSE,FALSE
FALSE,FALSE,FALSE
FALSE,FALSE,FALSE
FALSE,FALSE,FALSE
FALSE,FALSE,FALSE
FALSE,FALSE,FALSE
FALSE,FALSE,FALSE
FALSE,FALSE,FALSE
FALSE,FALSE,FALSE
FALSE,FALSE,FALSE
FALSE,FALSE,FALSE
FALSE,FALSE,FALSE
FALSE,FALSE,FALSE
FALSE,FALSE,FALSE
FALSE,FALSE,FALSE
FALSE,FALSE,FALSE
FALSE,FALSE,FALSE
FALSE,FALSE,FALSE
FALSE,FALSE,FALSE
FALSE,FALSE,FALSE
FALSE,FALSE,FALSE
FALSE,FALSE,FALSE
FALSE,FALSE,FALSE
FALSE,FALSE,FALSE
FALSE,FALSE,FALSE
FALSE,FALSE,FALSE
FALSE,FALSE,FALSE
FALSE,FALSE,FALSE
FALSE,FALSE,FALSE
FALSE,FALSE,FALSE
FALSE,FALSE,FALSE
FALSE,FALSE,FALSE
FALSE,FALSE,FALSE
FALSE,FALSE,FALSE
FALSE,FALSE,FALSE
FALSE,FALSE,FALSE
FALSE,FALSE,FALSE
FALSE,FALSE,FALSE
FALSE,FALSE,FALSE
FALSE,FALSE,FALSE
FALSE,FALSE,FALSE
FALSE,FALSE,FALSE
FALSE,FALSE,FALSE
FALSE,FALSE,FALSE
FALSE,FALSE,FALSE
FALSE,FALSE,FALSE
FALSE,FALSE,FALSE
FALSE,FALSE,FALSE
FALSE,FALSE,FALSE
FALSE,FALSE,FALSE
FALSE,FALSE,FALSE
FALSE,FALSE,FALSE
FALSE,FALSE,FALSE
FALSE,FALSE,FALSE
FALSE,FALSE,FALSE
FALSE,FALSE,FALSE
FALSE,FALSE,FALSE
FALSE,FALSE,FALSE
FALSE,FALSE,FALSE
FALSE,FALSE,FALSE
FALSE,FALSE,FALSE
FALSE,FALSE,FALSE
FALSE,FALSE,FALSE
FALSE,FALSE,FALSE
FALSE,FALSE,FALSE
FALSE,FALSE,FALSE
FALSE,FALSE,FALSE
FALSE,FALSE,FALSE
FALSE,FALSE,FALSE
FALSE,FALSE,FALSE
FALSE,FALSE,FALSE
FALSE,FALSE,FALSE
FALSE,FALSE,FALSE
FALSE,FALSE,FALSE
FALSE,FALSE,FALSE
FALSE,FALSE,FALSE
FALSE,FALSE,FALSE
FALSE,FALSE,FALSE
FALSE,FALSE,FALSE
FALSE,FALSE,FALSE
FALSE,FALSE,FALSE
FALSE,FALSE,FALSE
FALSE,FALSE,FALSE
FALSE,FALSE,FALSE
FALSE,FALSE,FALSE
FALSE,FALSE,FALSE
FALSE,FALSE,FALSE
FALSE,FALSE,FALSE
FALSE,FALSE,FALSE
FALSE,FALSE,FALSE
FALSE,FALSE,FALSE
FALSE,FALSE,FALSE
FALSE,FALSE,FALSE
FALSE,FALSE,FALSE
FALSE,FALSE,FALSE
FALSE,FALSE,FALSE
FALSE,FALSE,FALSE
FALSE,FALSE,FALSE
FALSE,FALSE,FALSE
FALSE,FALSE,FALSE
FALSE,FALSE,FALSE
FALSE,FALSE,FALSE
FALSE,FALSE,FALSE
FALSE,FALSE,FALSE
FALSE,FALSE,FALSE
FALSE,FALSE,FALSE
FALSE,FALSE,FALSE
FALSE,FALSE,FALSE
FALSE,FALSE,FALSE
FALSE,FALSE,FALSE
FALSE,FALSE,FALSE
FALSE,FALSE,FALSE
FALSE,FALSE,FALSE
FALSE,FALSE,FALSE
FALSE,FALSE,FALSE
FALSE,FALSE,FALSE
FALSE,FALSE,FALSE
FALSE,FALSE,FALSE
FALSE,FALSE,FALSE
FALSE,FALSE,FALSE
FALSE,FALSE,FALSE
FALSE,FALSE,FALSE
FALSE,FALSE,FALSE
FALSE,FALSE,FALSE
FALSE,FALSE,FALSE
FALSE,FALSE,FALSE
FALSE,FALSE,FALSE
FALSE,FALSE,FALSE
FALSE,FALSE,FALSE
FALSE,FALSE,FALSE
FALSE,FALSE,FALSE
FALSE,FALSE,FALSE
FALSE,FALSE,FALSE
FALSE,FALSE,FALSE
FALSE,FALSE,FALSE
FALSE,FALSE,FALSE
FALSE,FALSE,FALSE
FALSE,FALSE,FALSE
FALSE,FALSE,FALSE
FALSE,FALSE,FALSE
FALSE,FALSE,FALSE
FALSE,FALSE,FALSE
FALSE,FALSE,FALSE
FALSE,FALSE,FALSE
FALSE,FALSE,FALSE
FALSE,FALSE,FALSE
FALSE,FALSE,FALSE
FALSE,FALSE,FALSE
FALSE,FALSE,FALSE
FALSE,FALSE,FALSE
FALSE,FALSE,FALSE
FALSE,FALSE,FALSE
FALSE,FALSE,FALSE
FALSE,FALSE,FALSE
FALSE,FALSE,FALSE
FALSE,FALSE,FALSE
FALSE,FALSE,FALSE
FALSE,FALSE,FALSE
FALSE,FALSE,FALSE
FALSE,FALSE,FALSE
FALSE,FALSE,FALSE
FALSE,FALSE,FALSE
FALSE,FALSE,FALSE
FALSE,FALSE,FALSE
FALSE,FALSE,FALSE
FALSE,FALSE,FALSE
FALSE,FALSE,FALSE
FALSE,FALSE,FALSE
FALSE,FALSE,FALSE
FALSE,FALSE,FALSE
FALSE,FALSE,FALSE
FALSE,FALSE,FALSE
FALSE,FALSE,FALSE
FALSE,FALSE,FALSE
FALSE,FALSE,FALSE
FALSE,FALSE,FALSE
FALSE,FALSE,FALSE
FALSE,FALSE,FALSE
FALSE,FALSE,FALSE
FALSE,FALSE,FALSE
FALSE,FALSE,FALSE
FALSE,FALSE,FALSE
FALSE,FALSE,FALSE
FALSE,FALSE,FALSE
FALSE,FALSE,FALSE
FALSE,FALSE,FALSE
FALSE,FALSE,FALSE
FALSE,FALSE,FALSE
FALSE,FALSE,FALSE
FALSE,FALSE,FALSE
FALSE,FALSE,FALSE
FALSE,FALSE,FALSE
FALSE,FALSE,FALSE
FALSE,FALSE,FALSE
FALSE,FALSE,FALSE
FALSE,FALSE,FALSE
FALSE,FALSE,FALSE
FALSE,FALSE,FALSE
FALSE,FALSE,FALSE
FALSE,FALSE,FALSE
FALSE,FALSE,FALSE
FALSE,FALSE,FALSE
FALSE,FALSE,FALSE
FALSE,FALSE,FALSE
FALSE,FALSE,FALSE
FALSE,FALSE,FALSE
FALSE,FALSE,FALSE
FALSE,FALSE,FALSE
FALSE,FALSE,FALSE
FALSE,FALSE,FALSE
FALSE,FALSE,FALSE
FALSE,FALSE,FALSE
FALSE,FALSE,FALSE
FALSE,FALSE,FALSE
FALSE,FALSE,FALSE
FALSE,FALSE,FALSE
FALSE,FALSE,FALSE
FALSE,FALSE,FALSE
FALSE,FALSE,FALSE
FALSE,FALSE,FALSE
FALSE,FALSE,FALSE
FALSE,FALSE,FALSE
FALSE,FALSE,FALSE
FALSE,FALSE,FALSE
FALSE,FALSE,FALSE
FALSE,FALSE,FALSE
FALSE,FALSE,FALSE
FALSE,FALSE,FALSE
FALSE,FALSE,FALSE
FALSE,FALSE,FALSE
FALSE,FALSE,FALSE
FALSE,FALSE,FALSE
FALSE,FALSE,FALSE
FALSE,FALSE,FALSE
FALSE,FALSE,FALSE
FALSE,FALSE,FALSE
FALSE,FALSE,FALSE
FALSE,FALSE,FALSE
FALSE,FALSE,FALSE
FALSE,FALSE,FALSE
FALSE,FALSE,FALSE
FALSE,FALSE,FALSE
FALSE,FALSE,FALSE
FALSE,FALSE,FALSE
FALSE,FALSE,FALSE
FALSE,FALSE,FALSE
FALSE,FALSE,FALSE
FALSE,FALSE,FALSE
FALSE,FALSE,FALSE
FALSE,FALSE,FALSE
FALSE,FALSE,FALSE
FALSE,FALSE,FALSE
FALSE,FALSE,FALSE
FALSE,FALSE,FALSE
FALSE,FALSE,FALSE
FALSE,FALSE,FALSE
FALSE,FALSE,FALSE
FALSE,FALSE,FALSE
FALSE,FALSE,FALSE
FALSE,FALSE,FALSE
FALSE,FALSE,FALSE
FALSE,FALSE,FALSE
FALSE,FALSE,FALSE
FALSE,FALSE,FALSE
FALSE,FALSE,FALSE
FALSE,FALSE,FALSE
FALSE,FALSE,FALSE
FALSE,FALSE,FALSE
FALSE,FALSE,FALSE
FALSE,FALSE,FALSE
FALSE,FALSE,FALSE
FALSE,FALSE,FALSE
FALSE,FALSE,FALSE
FALSE,FALSE,FALSE
FALSE,FALSE,FALSE
FALSE,FALSE,FALSE
FALSE,FALSE,FALSE
FALSE,FALSE,FALSE
FALSE,FALSE,FALSE
FALSE,FALSE,FALSE
FALSE,FALSE,FALSE
FALSE,FALSE,FALSE
FALSE,FALSE,FALSE
FALSE,FALSE,FALSE
FALSE,FALSE,FALSE
FALSE,FALSE,FALSE
FALSE,FALSE,FALSE
FALSE,FALSE,FALSE
FALSE,FALSE,FALSE
FALSE,FALSE,FALSE
FALSE,FALSE,FALSE
FALSE,FALSE,FALSE
FALSE,FALSE,FALSE
FALSE,FALSE,FALSE
FALSE,FALSE,FALSE
FALSE,FALSE,FALSE
FALSE,FALSE,FALSE
FALSE,FALSE,FALSE
FALSE,FALSE,FALSE
FALSE,FALSE,FALSE
FALSE,FALSE,FALSE
FALSE,FALSE,FALSE
FALSE,FALSE,FALSE
FALSE,FALSE,FALSE
FALSE,FALSE,FALSE
FALSE,FALSE,FALSE
FALSE,FALSE,FALSE
FALSE,FALSE,FALSE
FALSE,FALSE,FALSE
FALSE,FALSE,FALSE
FALSE,FALSE,FALSE
FALSE,FALSE,FALSE
FALSE,FALSE,FALSE
FALSE,FALSE,FALSE
FALSE,FALSE,FALSE
FALSE,FALSE,FALSE
FALSE,FALSE,FALSE
FALSE,FALSE,FALSE
FALSE,FALSE,FALSE
